Date,Predicted,Actual_Returns,Strategy_Returns
2020-05-16,-1.0,0.005233209039209763,-0.005233209039209763
2020-05-17,-1.0,0.03132400103227817,-0.03132400103227817
2020-05-18,-1.0,0.005773698991511145,-0.005773698991511145
2020-05-19,-1.0,0.00025321252090737545,-0.00025321252090737545
2020-05-20,-1.0,-0.02117954918100662,0.02117954918100662
2020-05-21,-1.0,-0.04633209978369557,0.04633209978369557
2020-05-22,-1.0,0.01110086707949609,-0.01110086707949609
2020-05-23,-1.0,0.0029087652089092586,-0.0029087652089092586
2020-05-24,-1.0,-0.045488748514099786,0.045488748514099786
2020-05-25,-1.0,0.013260696716498988,-0.013260696716498988
2020-05-26,-1.0,-0.008070322664891605,0.008070322664891605
2020-05-27,-1.0,0.039158209254817056,-0.039158209254817056
2020-05-28,-1.0,0.037548495632866885,-0.037548495632866885
2020-05-29,-1.0,-0.009093976247976698,0.009093976247976698
2020-05-30,-1.0,0.02768159825145977,-0.02768159825145977
2020-05-31,-1.0,-0.024674768232348376,0.024674768232348376
2020-06-01,-1.0,0.07464386293982206,-0.07464386293982206
2020-06-02,-1.0,-0.06269774820259899,0.06269774820259899
2020-06-03,1.0,0.013317594606312655,0.013317594606312655
2020-06-04,-1.0,0.014903505382374727,-0.014903505382374727
2020-06-05,1.0,-0.013785177382049874,-0.013785177382049874
2020-06-06,1.0,-0.0012263695520872142,-0.0012263695520872142
2020-06-07,1.0,0.010894586827723485,0.010894586827723485
2020-06-08,1.0,0.0012948980117710729,0.0012948980117710729
2020-06-09,1.0,0.0024777121338637187,0.0024777121338637187
2020-06-10,-1.0,0.007594610876882513,-0.007594610876882513
2020-06-11,1.0,-0.05555301055894357,-0.05555301055894357
2020-06-12,-1.0,0.01706353064227928,-0.01706353064227928
2020-06-13,-1.0,-0.0005871213994007585,0.0005871213994007585
2020-06-14,-1.0,-0.009338962291258746,0.009338962291258746
2020-06-15,-1.0,0.006808938469139436,-0.006808938469139436
2020-06-16,-1.0,0.009239764861221245,-0.009239764861221245
2020-06-17,-1.0,-0.006056760681470541,0.006056760681470541
2020-06-18,-1.0,-0.007216479234543938,0.007216479234543938
2020-06-19,-1.0,-0.013156009327927487,0.013156009327927487
2020-06-20,-1.0,0.004771982890003024,-0.004771982890003024
2020-06-21,-1.0,-0.0030764990320015784,0.0030764990320015784
2020-06-22,-1.0,0.03709174751916078,-0.03709174751916078
2020-06-23,-1.0,-0.0019753474772544743,0.0019753474772544743
2020-06-24,-1.0,-0.03282025643027875,0.03282025643027875
2020-06-25,-1.0,-0.005239308190707503,0.005239308190707503
2020-06-26,-1.0,-0.010998117562784016,0.010998117562784016
2020-06-27,-1.0,-0.012826410118569775,0.012826410118569775
2020-06-28,-1.0,0.010855408054862181,-0.010855408054862181
2020-06-29,-1.0,0.005170015512075743,-0.005170015512075743
2020-06-30,-1.0,-0.005751513982724221,0.005751513982724221
2020-07-01,-1.0,0.00988532488788163,-0.00988532488788163
2020-07-02,-1.0,-0.011368806022981404,0.011368806022981404
2020-07-03,-1.0,-0.00395756024273064,0.00395756024273064
2020-07-04,-1.0,0.004972274697731871,-0.004972274697731871
2020-07-05,-1.0,-0.00641072801130238,0.00641072801130238
2020-07-06,-1.0,0.0332305643833104,-0.0332305643833104
2020-07-07,-1.0,-0.01314037643510968,0.01314037643510968
2020-07-08,-1.0,0.019028359994139876,-0.019028359994139876
2020-07-09,-1.0,-0.015948231171979632,0.015948231171979632
2020-07-10,-1.0,9.052022711308894e-05,-9.052022711308894e-05
2020-07-11,-1.0,-0.004145030168397623,0.004145030168397623
2020-07-12,-1.0,0.003912550206798482,-0.003912550206798482
2020-07-13,-1.0,-0.003545059255915528,0.003545059255915528
2020-07-14,-1.0,-4.331537576462985e-05,4.331537576462985e-05
2020-07-15,-1.0,-0.005450155524782674,0.005450155524782674
2020-07-16,-1.0,-0.006593108913667822,0.006593108913667822
2020-07-17,-1.0,0.002098616025556055,-0.002098616025556055
2020-07-18,-1.0,0.0008356608977502233,-0.0008356608977502233
2020-07-19,-1.0,0.002923597193133398,-0.002923597193133398
2020-07-20,-1.0,-0.0023499201650132306,0.0023499201650132306
2020-07-21,-1.0,0.02298678850016933,-0.02298678850016933
2020-07-22,-1.0,0.016050921443329758,-0.016050921443329758
2020-07-23,-1.0,0.00584848921034431,-0.00584848921034431
2020-07-24,-1.0,-0.004611142289210002,0.004611142289210002
2020-07-25,-1.0,0.014702976045533722,-0.014702976045533722
2020-07-26,-1.0,0.023566295475673238,-0.023566295475673238
2020-07-27,-1.0,0.1096100707382146,-0.1096100707382146
2020-07-28,1.0,-0.007101328925793737,-0.007101328925793737
2020-07-29,1.0,0.017194865809297744,0.017194865809297744
2020-07-30,1.0,0.0009680757576464583,0.0009680757576464583
2020-07-31,1.0,0.0191025870102548,0.0191025870102548
2020-08-01,1.0,0.03851523428168302,0.03851523428168302
2020-08-02,1.0,-0.060034265575901635,-0.060034265575901635
2020-08-03,1.0,0.017436321777176023,0.017436321777176023
2020-08-04,1.0,-0.00359726129861071,-0.00359726129861071
2020-08-05,1.0,0.04828976175167332,0.04828976175167332
2020-08-06,1.0,0.002788023660583505,0.002788023660583505
2020-08-07,1.0,-0.01513618086086388,-0.01513618086086388
2020-08-08,1.0,0.013151196120374076,0.013151196120374076
2020-08-09,1.0,-0.006662100973708895,-0.006662100973708895
2020-08-10,1.0,0.017332698670629254,0.017332698670629254
2020-08-11,1.0,-0.03936534391564839,-0.03936534391564839
2020-08-12,1.0,0.015284938573538076,0.015284938573538076
2020-08-13,1.0,0.017195015111304723,0.017195015111304723
2020-08-14,1.0,-0.0012955213149429268,-0.0012955213149429268
2020-08-15,1.0,0.008227394765919493,0.008227394765919493
2020-08-16,1.0,0.0022843551383793237,0.0022843551383793237
2020-08-17,1.0,0.03040482644811049,0.03040482644811049
2020-08-18,1.0,-0.021475461465219614,-0.021475461465219614
2020-08-19,1.0,-0.019426708460436926,-0.019426708460436926
2020-08-20,1.0,0.01021312934149976,0.01021312934149976
2020-08-21,1.0,-0.024067507803910648,-0.024067507803910648
2020-08-22,1.0,0.007706363621583279,0.007706363621583279
2020-08-23,1.0,-0.0014533293195752028,-0.0014533293195752028
2020-08-24,1.0,0.00940844236539995,0.00940844236539995
2020-08-25,1.0,-0.034690018052305094,-0.034690018052305094
2020-08-26,1.0,0.010753745063331488,0.010753745063331488
2020-08-27,1.0,-0.01435938403704018,-0.01435938403704018
2020-08-28,1.0,0.01934954061432026,0.01934954061432026
2020-08-29,1.0,-0.0030872658111327222,-0.0030872658111327222
2020-08-30,1.0,0.017784220187846422,0.017784220187846422
2020-08-31,1.0,-0.0026201196706430174,-0.0026201196706430174
2020-09-01,1.0,0.024797762089964426,0.024797762089964426
2020-09-02,1.0,-0.04648471948812871,-0.04648471948812871
2020-09-03,1.0,-0.10239476124641311,-0.10239476124641311
2020-09-04,1.0,0.02601355576262887,0.02601355576262887
2020-09-05,-1.0,-0.03255823502891142,0.03255823502891142
2020-09-06,-1.0,0.010893696409813414,-0.010893696409813414
2020-09-07,-1.0,0.00867790498409815,-0.00867790498409815
2020-09-08,-1.0,-0.022956306264775628,0.022956306264775628
2020-09-09,-1.0,0.010939236349907233,-0.010939236349907233
2020-09-10,-1.0,0.011793293850096198,-0.011793293850096198
2020-09-11,-1.0,0.0036452631180188266,-0.0036452631180188266
2020-09-12,-1.0,0.003966560559340859,-0.003966560559340859
2020-09-13,-1.0,-0.011340078630605377,0.011340078630605377
2020-09-14,-1.0,0.0345883839286778,-0.0345883839286778
2020-09-15,-1.0,0.010871177190313608,-0.010871177190313608
2020-09-16,-1.0,0.01648188444401355,-0.01648188444401355
2020-09-17,-1.0,-0.0023612995663134795,0.0023612995663134795
2020-09-18,-1.0,-0.00040225598714782596,0.00040225598714782596
2020-09-19,-1.0,0.013683545731443925,-0.013683545731443925
2020-09-20,-1.0,-0.014067993350005525,0.014067993350005525
2020-09-21,-1.0,-0.04351800185522625,0.04351800185522625
2020-09-22,-1.0,0.0072833400259153525,-0.0072833400259153525
2020-09-23,-1.0,-0.027733979972724532,0.027733979972724532
2020-09-24,-1.0,0.050153282066164984,-0.050153282066164984
2020-09-25,-1.0,-0.006259218747560857,0.006259218747560857
2020-09-26,-1.0,0.005424892199001441,-0.005424892199001441
2020-09-27,-1.0,0.0022831856976197606,-0.0022831856976197606
2020-09-28,-1.0,-0.006089609852421796,0.006089609852421796
2020-09-29,-1.0,0.012604356977915954,-0.012604356977915954
2020-09-30,-1.0,-0.00554646448346463,0.00554646448346463
2020-10-01,-1.0,-0.015303370300178809,0.015303370300178809
2020-10-02,-1.0,-0.00409414143543152,0.00409414143543152
2020-10-03,-1.0,-0.0025194375739971964,0.0025194375739971964
2020-10-04,-1.0,0.011399199427022166,-0.011399199427022166
2020-10-05,-1.0,0.01159903211277169,-0.01159903211277169
2020-10-06,-1.0,-0.017504646058134066,0.017504646058134066
2020-10-07,-1.0,0.0060882710901424275,-0.0060882710901424275
2020-10-08,-1.0,0.023124708925124526,-0.023124708925124526
2020-10-09,-1.0,0.013629236597062944,-0.013629236597062944
2020-10-10,-1.0,0.02095930231275278,-0.02095930231275278
2020-10-11,-1.0,0.0077742124166433335,-0.0077742124166433335
2020-10-12,-1.0,0.01503679807902314,-0.01503679807902314
2020-10-13,-1.0,-0.011203790312466544,0.011203790312466544
2020-10-14,-1.0,0.0003157232305546209,-0.0003157232305546209
2020-10-15,-1.0,0.005760771167350187,-0.005760771167350187
2020-10-16,-1.0,-0.01506927308750361,0.01506927308750361
2020-10-17,-1.0,0.0031777181254826203,-0.0031777181254826203
2020-10-18,-1.0,0.011028058853915557,-0.011028058853915557
2020-10-19,-1.0,0.02252631185070797,-0.02252631185070797
2020-10-20,-1.0,0.014843919324981414,-0.014843919324981414
2020-10-21,-1.0,0.07614375520341321,-0.07614375520341321
2020-10-22,1.0,0.011089019970212055,0.011089019970212055
2020-10-23,1.0,-0.0026494544392426933,-0.0026494544392426933
2020-10-24,1.0,0.0136506131750318,0.0136506131750318
2020-10-25,1.0,-0.0058657541398662305,-0.0058657541398662305
2020-10-26,1.0,0.003382214014740148,0.003382214014740148
2020-10-27,1.0,0.04427990207523247,0.04427990207523247
2020-10-28,-1.0,-0.02804507535445777,0.02804507535445777
2020-10-29,1.0,0.012553242153156674,0.012553242153156674
2020-10-30,1.0,0.00808458072996765,0.00808458072996765
2020-10-31,1.0,0.01730869726353168,0.01730869726353168
2020-11-01,1.0,-0.003184511845067406,-0.003184511845067406
2020-11-02,1.0,-0.013585108198026608,-0.013585108198026608
2020-11-03,1.0,0.02950532012761009,0.02950532012761009
2020-11-04,1.0,0.013147117963686394,0.013147117963686394
2020-11-05,1.0,0.10231863433740651,0.10231863433740651
2020-11-06,1.0,-0.0008965281862933772,-0.0008965281862933772
2020-11-07,1.0,-0.0470340843373509,-0.0470340843373509
2020-11-08,1.0,0.04353675277640923,0.04353675277640923
2020-11-09,1.0,-0.009512665921690977,-0.009512665921690977
2020-11-10,1.0,-0.0027010327388199418,-0.0027010327388199418
2020-11-11,1.0,0.02684194109497806,0.02684194109497806
2020-11-12,1.0,0.03662132734990031,0.03662132734990031
2020-11-13,1.0,0.002547552717421464,0.002547552717421464
2020-11-14,1.0,-0.015300456580341737,-0.015300456580341737
2020-11-15,1.0,-0.007004593596581565,-0.007004593596581565
2020-11-16,1.0,0.04766502135260464,0.04766502135260464
2020-11-17,1.0,0.05559276937282975,0.05559276937282975
2020-11-18,1.0,0.008988152900985202,0.008988152900985202
2020-11-19,1.0,0.0007348899162549216,0.0007348899162549216
2020-11-20,1.0,0.045137820846602006,0.045137820846602006
2020-11-21,1.0,0.0011233347035009,0.0011233347035009
2020-11-22,1.0,-0.014602889964538845,-0.014602889964538845
2020-11-23,1.0,-0.000320133845930215,-0.000320133845930215
2020-11-24,1.0,0.040478046632625775,0.040478046632625775
2020-11-25,1.0,-0.01964382784787766,-0.01964382784787766
2020-11-26,1.0,-0.08442706722639481,-0.08442706722639481
2020-11-27,1.0,-0.0024617591448197196,-0.0024617591448197196
2020-11-28,1.0,0.03559722915754793,0.03559722915754793
2020-11-29,1.0,0.02596712538731971,0.02596712538731971
2020-11-30,1.0,0.07967832801396635,0.07967832801396635
2020-12-01,1.0,-0.04192625951044282,-0.04192625951044282
2020-12-02,1.0,0.021171823185194727,0.021171823185194727
2020-12-03,1.0,0.012723580680175761,0.012723580680175761
2020-12-04,1.0,-0.038344949058079725,-0.038344949058079725
2020-12-05,1.0,0.024303237423597412,0.024303237423597412
2020-12-06,1.0,0.009965977245154134,0.009965977245154134
2020-12-07,1.0,-0.007934312410408761,-0.007934312410408761
2020-12-08,1.0,-0.0453576006387062,-0.0453576006387062
2020-12-09,1.0,0.012705073309037251,0.012705073309037251
2020-12-10,1.0,-0.015572121156616547,-0.015572121156616547
2020-12-11,1.0,-0.011283218109780502,-0.011283218109780502
2020-12-12,1.0,0.041240151721379625,0.041240151721379625
2020-12-13,1.0,0.018013866983980886,0.018013866983980886
2020-12-14,1.0,0.005446642655266398,0.005446642655266398
2020-12-15,1.0,0.008855135259981495,0.008855135259981495
2020-12-16,1.0,0.09751836309514528,0.09751836309514528
2020-12-17,1.0,0.07013245133867341,0.07013245133867341
2020-12-18,1.0,0.014593135822884129,0.014593135822884129
2020-12-19,1.0,0.03163075154837203,0.03163075154837203
2020-12-20,1.0,-0.01644490454985592,-0.01644490454985592
2020-12-21,1.0,-0.028717656479103182,-0.028717656479103182
2020-12-22,1.0,0.042974334095805755,0.042974334095805755
2020-12-23,1.0,-0.022776055438033516,-0.022776055438033516
2020-12-24,1.0,0.021281190940612982,0.021281190940612982
2020-12-25,1.0,0.03913227940938091,0.03913227940938091
2020-12-26,1.0,0.07185327832809496,0.07185327832809496
2020-12-27,1.0,-0.0062314920850786715,-0.0062314920850786715
2020-12-28,1.0,0.03092663485588698,0.03092663485588698
2020-12-29,1.0,0.010250355112868093,0.010250355112868093
2020-12-30,1.0,0.054034499850387885,0.054034499850387885
2020-12-31,1.0,0.005574281038085438,0.005574281038085438
2021-01-01,1.0,0.012841708408869223,0.012841708408869223
2021-01-02,1.0,0.09372577639540935,0.09372577639540935
2021-01-03,1.0,0.020380066800975483,0.020380066800975483
2021-01-04,1.0,-0.024712000360334718,-0.024712000360334718
2021-01-05,1.0,0.06319658000613337,0.06319658000613337
2021-01-06,1.0,0.08331071417326141,0.08331071417326141
2021-01-07,1.0,0.0691574669750421,0.0691574669750421
2021-01-08,1.0,0.0362338992996023,0.0362338992996023
2021-01-09,1.0,-0.013311135341493308,-0.013311135341493308
2021-01-10,1.0,-0.047152573214749416,-0.047152573214749416
2021-01-11,1.0,-0.07273315912449108,-0.07273315912449108
2021-01-12,1.0,-0.046214502171538774,-0.046214502171538774
2021-01-13,1.0,0.10003249550509552,0.10003249550509552
2021-01-14,1.0,0.050138030111625875,0.050138030111625875
2021-01-15,1.0,-0.06027358971670127,-0.06027358971670127
2021-01-16,1.0,-0.017575563040677422,-0.017575563040677422
2021-01-17,1.0,-0.010693288117263444,-0.010693288117263444
2021-01-18,1.0,0.023435790428599335,0.023435790428599335
2021-01-19,1.0,-0.015295342507474663,-0.015295342507474663
2021-01-20,1.0,-0.014473454791977813,-0.014473454791977813
2021-01-21,1.0,-0.1328368400602007,-0.1328368400602007
2021-01-22,1.0,0.07072224005462169,0.07072224005462169
2021-01-23,1.0,-0.02842289017956734,-0.02842289017956734
2021-01-24,1.0,0.006914643868341619,0.006914643868341619
2021-01-25,1.0,0.0023851084933719235,0.0023851084933719235
2021-01-26,1.0,0.006286058316783416,0.006286058316783416
2021-01-27,1.0,-0.06562212475675022,-0.06562212475675022
2021-01-28,1.0,0.09968113394222766,0.09968113394222766
2021-01-29,1.0,0.02540747568580648,0.02540747568580648
2021-01-30,1.0,-0.0013656239986477026,-0.0013656239986477026
2021-01-31,1.0,-0.03370820328466961,-0.03370820328466961
2021-02-01,1.0,0.012768370405776608,0.012768370405776608
2021-02-02,1.0,0.05883361479570781,0.05883361479570781
2021-02-03,1.0,0.055245981743407446,0.055245981743407446
2021-02-04,1.0,-0.014571470120209207,-0.014571470120209207
2021-02-05,1.0,0.032991388091470286,0.032991388091470286
2021-02-06,1.0,0.029406828078771152,0.029406828078771152
2021-02-07,1.0,-0.009233693380855112,-0.009233693380855112
2021-02-08,1.0,0.18746473766529936,0.18746473766529936
2021-02-09,1.0,0.006161523959955284,0.006161523959955284
2021-02-10,1.0,-0.03362488605290981,-0.03362488605290981
2021-02-11,1.0,0.0665910372634968,0.0665910372634968
2021-02-12,1.0,-0.008442623839676311,-0.008442623839676311
2021-02-13,1.0,-0.008406213773231364,-0.008406213773231364
2021-02-14,1.0,0.03421623595697554,0.03421623595697554
2021-02-15,1.0,-0.01585126109458379,-0.01585126109458379
2021-02-16,1.0,0.026171883752032166,0.026171883752032166
2021-02-17,1.0,0.05994196027730325,0.05994196027730325
2021-02-18,1.0,-0.008997504596578998,-0.008997504596578998
2021-02-19,1.0,0.08143096900475189,0.08143096900475189
2021-02-20,1.0,0.0037823185014820293,0.0037823185014820293
2021-02-21,1.0,0.025676258785917394,0.025676258785917394
2021-02-22,1.0,-0.05791845963531039,-0.05791845963531039
2021-02-23,1.0,-0.09930198541853996,-0.09930198541853996
2021-02-24,1.0,0.018042326886684945,0.018042326886684945
2021-02-25,1.0,-0.052539242009451814,-0.052539242009451814
2021-02-26,1.0,-0.016012490351298148,-0.016012490351298148
2021-02-27,1.0,-0.003265200081699504,-0.003265200081699504
2021-02-28,1.0,-0.022747754528746222,-0.022747754528746222
2021-03-01,1.0,0.09955017057586457,0.09955017057586457
2021-03-02,1.0,-0.025231161886280384,-0.025231161886280384
2021-03-03,1.0,0.04463205996986197,0.04463205996986197
2021-03-04,1.0,-0.039120359814156846,-0.039120359814156846
2021-03-05,1.0,0.007539701660092213,0.007539701660092213
2021-03-06,1.0,-0.0003049805235605385,-0.0003049805235605385
2021-03-07,1.0,0.046906498146797926,0.046906498146797926
2021-03-08,1.0,0.020306565464276005,0.020306565464276005
2021-03-09,1.0,0.049335220420617,0.049335220420617
2021-03-10,1.0,0.021604243798385436,0.021604243798385436
2021-03-11,1.0,0.032076714848716215,0.032076714848716215
2021-03-12,1.0,-0.008183206626845796,-0.008183206626845796
2021-03-13,1.0,0.06821652767950437,0.06821652767950437
2021-03-14,1.0,-0.031689610370558396,-0.031689610370558396
2021-03-15,1.0,-0.05725100456855314,-0.05725100456855314
2021-03-16,1.0,0.01605702194966918,0.01605702194966918
2021-03-17,1.0,0.036369962842253134,0.036369962842253134
2021-03-18,1.0,-0.017189693893861602,-0.017189693893861602
2021-03-19,1.0,0.008429650137686817,0.008429650137686817
2021-03-20,1.0,-0.0005657190459794625,-0.0005657190459794625
2021-03-21,1.0,-0.013551247955811196,-0.013551247955811196
2021-03-22,1.0,-0.05205318540083803,-0.05205318540083803
2021-03-23,1.0,0.0038474981233158623,0.0038474981233158623
2021-03-24,1.0,-0.035891807492523076,-0.035891807492523076
2021-03-25,1.0,-0.020277031922222966,-0.020277031922222966
2021-03-26,1.0,0.06639992475218648,0.06639992475218648
2021-03-27,1.0,0.015165759461888806,0.015165759461888806
2021-03-28,1.0,-0.0004067213991215679,-0.0004067213991215679
2021-03-29,1.0,0.03216137854506651,0.03216137854506651
2021-03-30,1.0,0.020216245195582738,0.020216245195582738
2021-03-31,1.0,1.9359634988669328e-05,1.9359634988669328e-05
2021-04-01,1.0,0.0030037350775407035,0.0030037350775407035
2021-04-02,1.0,0.004881969011259368,0.004881969011259368
2021-04-03,1.0,-0.029981350293480258,-0.029981350293480258
2021-04-04,1.0,0.0200448971410081,0.0200448971410081
2021-04-05,1.0,0.005094138552963257,0.005094138552963257
2021-04-06,1.0,-0.014655445594718208,-0.014655445594718208
2021-04-07,1.0,-0.036833390122360865,-0.036833390122360865
2021-04-08,1.0,0.04058980823677527,0.04058980823677527
2021-04-09,1.0,-0.0013536328475677317,-0.0013536328475677317
2021-04-10,1.0,0.026581343719059625,0.026581343719059625
2021-04-11,1.0,0.006885903949730876,0.006885903949730876
2021-04-12,1.0,-0.005174186540237491,-0.005174186540237491
2021-04-13,1.0,0.06027376479221824,0.06027376479221824
2021-04-14,1.0,-0.00620063437737306,-0.00620063437737306
2021-04-15,1.0,0.003237480473297971,0.003237480473297971
2021-04-16,1.0,-0.027501379378466195,-0.027501379378466195
2021-04-17,1.0,-0.014437688523377457,-0.014437688523377457
2021-04-18,1.0,-0.0736215468265391,-0.0736215468265391
2021-04-19,1.0,-0.008750468945115109,-0.008750468945115109
2021-04-20,1.0,0.013436976092944253,0.013436976092944253
2021-04-21,1.0,-0.045454287638402646,-0.045454287638402646
2021-04-22,1.0,-0.0397694659817468,-0.0397694659817468
2021-04-23,1.0,-0.012917150838772984,-0.012917150838772984
2021-04-24,1.0,-0.02040928977310741,-0.02040928977310741
2021-04-25,1.0,-0.02091099195802515,-0.02091099195802515
2021-04-26,1.0,0.10238907033660749,0.10238907033660749
2021-04-27,1.0,0.018721407731506323,0.018721407731506323
2021-04-28,1.0,-0.003787066282106566,-0.003787066282106566
2021-04-29,1.0,-0.02315733013830157,-0.02315733013830157
2021-04-30,1.0,0.07833176806484676,0.07833176806484676
2021-05-01,1.0,0.0013484807439372304,0.0013484807439372304
2021-05-02,1.0,-0.020698824187899145,-0.020698824187899145
2021-05-03,1.0,0.010051280367532334,0.010051280367532334
2021-05-04,1.0,-0.06760024652955021,-0.06760024652955021
2021-05-05,1.0,0.07669599321369813,0.07669599321369813
2021-05-06,1.0,-0.01789307689659958,-0.01789307689659958
2021-05-07,1.0,0.017020319573156195,0.017020319573156195
2021-05-08,1.0,0.02523475916996243,0.02523475916996243
2021-05-09,1.0,-0.009718099130935132,-0.009718099130935132
2021-05-10,1.0,-0.04074231762821234,-0.04074231762821234
2021-05-11,1.0,0.01512317249631967,0.01512317249631967
2021-05-12,1.0,-0.1332174549686006,-0.1332174549686006
2021-05-13,1.0,0.011508648851976444,0.011508648851976444
2021-05-14,1.0,0.00330563837155351,0.00330563837155351
2021-05-15,1.0,-0.06255641898138342,-0.06255641898138342
2021-05-16,1.0,-0.0065040138312105755,-0.0065040138312105755
2021-05-17,1.0,-0.06282381595309616,-0.06282381595309616
2021-05-18,1.0,-0.014426855146374762,-0.014426855146374762
2021-05-19,1.0,-0.13766122609163733,-0.13766122609163733
2021-05-20,1.0,0.10216344466291027,0.10216344466291027
2021-05-21,1.0,-0.08528232829817228,-0.08528232829817228
2021-05-22,1.0,0.006217486259949112,0.006217486259949112
2021-05-23,1.0,-0.0736893688644572,-0.0736893688644572
2021-05-24,1.0,0.11318183957815453,0.11318183957815453
2021-05-25,1.0,-0.007847826326095597,-0.007847826326095597
2021-05-26,1.0,0.023227211885217036,0.023227211885217036
2021-05-27,1.0,-0.021815700174415475,-0.021815700174415475
2021-05-28,1.0,-0.07126897282320166,-0.07126897282320166
2021-05-29,1.0,-0.03029724398312339,-0.03029724398312339
2021-05-30,1.0,0.03068120125307594,0.03068120125307594
2021-05-31,1.0,0.04637929771620186,0.04637929771620186
2021-06-01,1.0,-0.017355481635803582,-0.017355481635803582
2021-06-02,1.0,0.02426756732611457,0.02426756732611457
2021-06-03,1.0,0.043475133082156336,0.043475133082156336
2021-06-04,1.0,-0.05902658087058821,-0.05902658087058821
2021-06-05,1.0,-0.03638625350557034,-0.03638625350557034
2021-06-06,1.0,0.008731498936251025,0.008731498936251025
2021-06-07,1.0,-0.06418068028941804,-0.06418068028941804
2021-06-08,1.0,-0.0026243254847995168,-0.0026243254847995168
2021-06-09,1.0,0.11569117681725527,0.11569117681725527
2021-06-10,1.0,-0.01720501684509279,-0.01720501684509279
2021-06-11,1.0,0.01721406171757467,0.01721406171757467
2021-06-12,1.0,-0.047727642256857994,-0.047727642256857994
2021-06-13,1.0,0.09972131894675185,0.09972131894675185
2021-06-14,1.0,0.028661855288592664,0.028661855288592664
2021-06-15,1.0,0.004669320789865594,0.004669320789865594
2021-06-16,1.0,-0.05096256237308472,-0.05096256237308472
2021-06-17,1.0,-0.007655308506355651,-0.007655308506355651
2021-06-18,1.0,-0.0595545108824469,-0.0595545108824469
2021-06-19,1.0,-0.004788717174578294,-0.004788717174578294
2021-06-20,1.0,0.002314299179515533,0.002314299179515533
2021-06-21,1.0,-0.11265533282181261,-0.11265533282181261
2021-06-22,1.0,0.02616961270137308,0.02616961270137308
2021-06-23,1.0,0.0374509295196066,0.0374509295196066
2021-06-24,1.0,0.027856637741157764,0.027856637741157764
2021-06-25,1.0,-0.0872604012088013,-0.0872604012088013
2021-06-26,1.0,0.017336806155961115,0.017336806155961115
2021-06-27,1.0,0.07653470332064805,0.07653470332064805
2021-06-28,1.0,-0.006213875976586625,-0.006213875976586625
2021-06-29,1.0,0.04162825758718758,0.04162825758718758
2021-06-30,1.0,-0.02305527321430456,-0.02305527321430456
2021-07-01,1.0,-0.04191448950075438,-0.04191448950075438
2021-07-02,1.0,0.00967855812266083,0.00967855812266083
2021-07-03,1.0,0.022760094790705843,0.022760094790705843
2021-07-04,1.0,0.017861561294527206,0.017861561294527206
2021-07-05,1.0,-0.043691535402215154,-0.043691535402215154
2021-07-06,1.0,0.014496276584600176,0.014496276584600176
2021-07-07,1.0,-0.011095808977648836,-0.011095808977648836
2021-07-08,1.0,-0.028886355129662422,-0.028886355129662422
2021-07-09,1.0,0.02800225791699673,0.02800225791699673
2021-07-10,1.0,-0.008210311003178261,-0.008210311003178261
2021-07-11,1.0,0.021469475378479208,0.021469475378479208
2021-07-12,1.0,-0.031668630428790756,-0.031668630428790756
2021-07-13,1.0,-0.013687548281983153,-0.013687548281983153
2021-07-14,1.0,0.003679352094793975,0.003679352094793975
2021-07-15,1.0,-0.031734999531688124,-0.031734999531688124
2021-07-16,1.0,-0.011302175908234458,-0.011302175908234458
2021-07-17,1.0,0.003549453661488622,0.003549453661488622
2021-07-18,1.0,0.008363987433579023,0.008363987433579023
2021-07-19,1.0,-0.030788575922789052,-0.030788575922789052
2021-07-20,1.0,-0.03278895069501786,-0.03278895069501786
2021-07-21,1.0,0.07727442675168827,0.07727442675168827
2021-07-22,1.0,0.006303573302191001,0.006303573302191001
2021-07-23,1.0,0.03925482537500802,0.03925482537500802
2021-07-24,1.0,0.021169199000986128,0.021169199000986128
2021-07-25,1.0,0.030844758309330533,0.030844758309330533
2021-07-26,1.0,0.05621887171744144,0.05621887171744144
2021-07-27,1.0,0.055424286615063156,0.055424286615063156
2021-07-28,1.0,0.014945713184850051,0.014945713184850051
2021-07-29,1.0,0.00031292265067750513,0.00031292265067750513
2021-07-30,1.0,0.055666404612466414,0.055666404612466414
2021-07-31,1.0,-0.014427457617713135,-0.014427457617713135
2021-08-01,1.0,-0.039669750474507826,-0.039669750474507826
2021-08-02,1.0,-0.019335866368471732,-0.019335866368471732
2021-08-03,1.0,-0.02675797936526192,-0.02675797936526192
2021-08-04,1.0,0.041792893187100555,0.041792893187100555
2021-08-05,1.0,0.02822946527400849,0.02822946527400849
2021-08-06,1.0,0.04763803587748594,0.04763803587748594
2021-08-07,1.0,0.04062220829002827,0.04062220829002827
2021-08-08,1.0,-0.017005273846830926,-0.017005273846830926
2021-08-09,1.0,0.058616336068955555,0.058616336068955555
2021-08-10,1.0,-0.016830892309838696,-0.016830892309838696
2021-08-11,1.0,0.00018877838873909702,0.00018877838873909702
2021-08-12,1.0,-0.02555943636254754,-0.02555943636254754
2021-08-13,1.0,0.07574073458615982,0.07574073458615982
2021-08-14,1.0,-0.01457055076832292,-0.01457055076832292
2021-08-15,1.0,-0.0010603958689597848,-0.0010603958689597848
2021-08-16,1.0,-0.02215910567498447,-0.02215910567498447
2021-08-17,1.0,-0.028456465011732934,-0.028456465011732934
2021-08-18,1.0,0.002367765389513554,0.002367765389513554
2021-08-19,1.0,0.04277544261522093,0.04277544261522093
2021-08-20,1.0,0.056115872471717454,0.056115872471717454
2021-08-21,1.0,-0.008789842693618932,-0.008789842693618932
2021-08-22,1.0,0.00850947690403503,0.00850947690403503
2021-08-23,1.0,0.004551674225862445,0.004551674225862445
2021-08-24,1.0,-0.037137725293038826,-0.037137725293038826
2021-08-25,1.0,0.02630002081428562,0.02630002081428562
2021-08-26,1.0,-0.04122830434622349,-0.04122830434622349
2021-08-27,1.0,0.04508626296557394,0.04508626296557394
2021-08-28,1.0,-0.003185280633781984,-0.003185280633781984
2021-08-29,1.0,-0.0014839825657210204,-0.0014839825657210204
2021-08-30,1.0,-0.0363476092875793,-0.0363476092875793
2021-08-31,1.0,0.0023738850726162664,0.0023738850726162664
2021-09-01,1.0,0.03562556399047523,0.03562556399047523
2021-09-02,1.0,0.009840830417728652,0.009840830417728652
2021-09-03,1.0,0.014143210068944922,0.014143210068944922
2021-09-04,1.0,-0.0016141808032423821,-0.0016141808032423821
2021-09-05,1.0,0.03621581213694158,0.03621581213694158
2021-09-06,1.0,0.017006125728580734,0.017006125728580734
2021-09-07,1.0,-0.1106216071695616,-0.1106216071695616
2021-09-08,1.0,-0.015375366885328479,-0.015375366885328479
2021-09-09,1.0,0.006509485739778498,0.006509485739778498
2021-09-10,1.0,-0.032495484247323514,-0.032495484247323514
2021-09-11,1.0,0.0070748487352050304,0.0070748487352050304
2021-09-12,1.0,0.019066033632592516,0.019066033632592516
2021-09-13,1.0,-0.023884438158555232,-0.023884438158555232
2021-09-14,1.0,0.0473592610325122,0.0473592610325122
2021-09-15,1.0,0.023015462091804384,0.023015462091804384
2021-09-16,1.0,-0.008157286726135138,-0.008157286726135138
2021-09-17,1.0,-0.010795386730801604,-0.010795386730801604
2021-09-18,1.0,0.021385589090024082,0.021385589090024082
2021-09-19,1.0,-0.021089044077959085,-0.021089044077959085
2021-09-20,1.0,-0.09344895316951951,-0.09344895316951951
2021-09-21,1.0,-0.050185206746199196,-0.050185206746199196
2021-09-22,1.0,0.07079311406361999,0.07079311406361999
2021-09-23,1.0,0.0303064775724482,0.0303064775724482
2021-09-24,1.0,-0.04578111561282838,-0.04578111561282838
2021-09-25,1.0,-0.002874812528084303,-0.002874812528084303
2021-09-26,1.0,0.011516492054097771,0.011516492054097771
2021-09-27,1.0,-0.02251426719942695,-0.02251426719942695
2021-09-28,1.0,-0.02844007873591181,-0.02844007873591181
2021-09-29,1.0,0.012911568502261384,0.012911568502261384
2021-09-30,1.0,0.05356827518164842,0.05356827518164842
2021-10-01,1.0,0.09878873042688929,0.09878873042688929
2021-10-02,1.0,-0.008426411013467638,-0.008426411013467638
2021-10-03,1.0,0.010237887379882071,0.010237887379882071
2021-10-04,1.0,0.018940873580984396,0.018940873580984396
2021-10-05,1.0,0.048905889117254686,0.048905889117254686
2021-10-06,1.0,0.0746704982911468,0.0746704982911468
2021-10-07,1.0,-0.02809653406297008,-0.02809653406297008
2021-10-08,1.0,0.0030082765538104184,0.0030082765538104184
2021-10-09,1.0,0.01853649985027972,0.01853649985027972
2021-10-10,1.0,-0.003577422040362044,-0.003577422040362044
2021-10-11,1.0,0.04953684064585273,0.04953684064585273
2021-10-12,1.0,-0.025114999851183484,-0.025114999851183484
2021-10-13,1.0,0.02426861834211813,0.02426861834211813
2021-10-14,1.0,-0.001386283921372633,-0.001386283921372633
2021-10-15,1.0,0.07453440740995654,0.07453440740995654
2021-10-16,1.0,-0.01139348166745524,-0.01139348166745524
2021-10-17,1.0,0.01086243756414218,0.01086243756414218
2021-10-18,1.0,0.007675599893030238,0.007675599893030238
2021-10-19,1.0,0.036047967727284025,0.036047967727284025
2021-10-20,1.0,0.026934175102288238,0.026934175102288238
2021-10-21,1.0,-0.057319313661295834,-0.057319313661295834
2021-10-22,1.0,-0.024399647264276236,-0.024399647264276236
2021-10-23,1.0,0.011555863919028075,0.011555863919028075
2021-10-24,1.0,-0.007537937512081094,-0.007537937512081094
2021-10-25,1.0,0.0346128236844363,0.0346128236844363
2021-10-26,1.0,-0.04244985266320056,-0.04244985266320056
2021-10-27,1.0,-0.03116779376295975,-0.03116779376295975
2021-10-28,1.0,0.03658793903693369,0.03658793903693369
2021-10-29,1.0,0.02648913766352501,0.02648913766352501
2021-10-30,1.0,-0.005449845794435637,-0.005449845794435637
2021-10-31,1.0,-0.009208042570786446,-0.009208042570786446
2021-11-01,1.0,-0.005129747739996526,-0.005129747739996526
2021-11-02,1.0,0.03642353446805324,0.03642353446805324
2021-11-03,1.0,-0.004054563588107407,-0.004054563588107407
2021-11-04,1.0,-0.024103783966732184,-0.024103783966732184
2021-11-05,1.0,-0.005313959884109654,-0.005313959884109654
2021-11-06,1.0,0.006573419146120196,0.006573419146120196
2021-11-07,1.0,0.029247220896912562,0.029247220896912562
2021-11-08,1.0,0.06695154718111462,0.06695154718111462
2021-11-09,1.0,-0.008806096371717143,-0.008806096371717143
2021-11-10,1.0,-0.029513867421399387,-0.029513867421399387
2021-11-11,1.0,-0.0006965054346836919,-0.0006965054346836919
2021-11-12,1.0,-0.01222509636324598,-0.01222509636324598
2021-11-13,1.0,0.0048878705639170406,0.0048878705639170406
2021-11-14,1.0,0.015469517787564335,0.015469517787564335
2021-11-15,1.0,-0.02915932332393234,-0.02915932332393234
2021-11-16,1.0,-0.05344145330150951,-0.05344145330150951
2021-11-17,1.0,0.003436857419438999,0.003436857419438999
2021-11-18,1.0,-0.05674983989800575,-0.05674983989800575
2021-11-19,1.0,0.020677857806173483,0.020677857806173483
2021-11-20,1.0,0.027144333086984274,0.027144333086984274
2021-11-21,1.0,-0.01619370466132397,-0.01619370466132397
2021-11-22,1.0,-0.041565940596482776,-0.041565940596482776
2021-11-23,1.0,0.022735855747423095,0.022735855747423095
2021-11-24,1.0,-0.02238438701660228,-0.02238438701660228
2021-11-25,1.0,0.017666069374003168,0.017666069374003168
2021-11-26,1.0,-0.06468677053655503,-0.06468677053655503
2021-11-27,1.0,0.02324655494514305,0.02324655494514305
2021-11-28,1.0,0.044392510044424904,0.044392510044424904
2021-11-29,1.0,0.009748898117819094,0.009748898117819094
2021-11-30,1.0,-0.013858989986877734,-0.013858989986877734
2021-12-01,1.0,0.003936508510805847,0.003936508510805847
2021-12-02,1.0,-0.013140205787574133,-0.013140205787574133
2021-12-03,1.0,-0.05098586481791345,-0.05098586481791345
2021-12-04,1.0,-0.08204639683653359,-0.08204639683653359
2021-12-05,1.0,0.003417522933012007,0.003417522933012007
2021-12-06,1.0,0.02458589579002135,0.02458589579002135
2021-12-07,1.0,0.002322159783127109,0.002322159783127109
2021-12-08,1.0,-0.00385184874717448,-0.00385184874717448
2021-12-09,1.0,-0.05608726213196957,-0.05608726213196957
2021-12-10,1.0,-0.00899511908452133,-0.00899511908452133
2021-12-11,1.0,0.044857216044006165,0.044857216044006165
2021-12-12,1.0,0.014906619570362878,0.014906619570362878
2021-12-13,1.0,-0.0670851717099511,-0.0670851717099511
2021-12-14,1.0,-0.00267125345649466,-0.00267125345649466
2021-12-15,1.0,0.04900151967252708,0.04900151967252708
2021-12-16,1.0,-0.025181582897818466,-0.025181582897818466
2021-12-17,1.0,-0.030699007215741814,-0.030699007215741814
2021-12-18,1.0,0.013995731563123393,0.013995731563123393
2021-12-19,1.0,-0.0030259427628138713,-0.0030259427628138713
2021-12-20,1.0,0.003709543768351198,0.003709543768351198
2021-12-21,1.0,0.04386356169401262,0.04386356169401262
2021-12-22,1.0,-0.006295931447672265,-0.006295931447672265
2021-12-23,1.0,0.04433669194360079,0.04433669194360079
2021-12-24,1.0,0.0007414904357732066,0.0007414904357732066
2021-12-25,1.0,-0.007719775485643066,-0.007719775485643066
2021-12-26,1.0,0.0075284019171428795,0.0075284019171428795
2021-12-27,1.0,-0.003328070621613999,-0.003328070621613999
2021-12-28,1.0,-0.06025942562091624,-0.06025942562091624
2021-12-29,1.0,-0.02404227880624954,-0.02404227880624954
2021-12-30,1.0,0.01579112126431248,0.01579112126431248
2021-12-31,1.0,-0.018476352917798256,-0.018476352917798256
2022-01-01,1.0,0.029809396471367267,0.029809396471367267
2022-01-02,1.0,-0.007163274962024402,-0.007163274962024402
2022-01-03,1.0,-0.0187368774698079,-0.0187368774698079
2022-01-04,1.0,-0.012065555013512697,-0.012065555013512697
2022-01-05,1.0,-0.050734060615097554,-0.050734060615097554
2022-01-06,1.0,-0.009366159015892994,-0.009366159015892994
2022-01-07,1.0,-0.03714070469186992,-0.03714070469186992
2022-01-08,1.0,0.004235994902819673,0.004235994902819673
2022-01-09,1.0,0.004256970472081845,0.004256970472081845
2022-01-10,1.0,-0.0021554853640055605,-0.0021554853640055605
2022-01-11,1.0,0.021869109453241498,0.021869109453241498
2022-01-12,1.0,0.028389418684672707,0.028389418684672707
2022-01-13,1.0,-0.030888714484173407,-0.030888714484173407
2022-01-14,1.0,0.011930269358978673,0.011930269358978673
2022-01-15,1.0,0.001802778677309158,0.001802778677309158
2022-01-16,1.0,-0.0014711291913973579,-0.0014711291913973579
2022-01-17,1.0,-0.020024366790964976,-0.020024366790964976
2022-01-18,1.0,0.0029604828561313745,0.0029604828561313745
2022-01-19,1.0,-0.014897823244158781,-0.014897823244158781
2022-01-20,1.0,-0.02548634039729203,-0.02548634039729203
2022-01-21,1.0,-0.10381165615712484,-0.10381165615712484
2022-01-22,1.0,-0.039143484680769114,-0.039143484680769114
2022-01-23,1.0,0.03558509252717301,0.03558509252717301
2022-01-24,1.0,0.010406744495611076,0.010406744495611076
2022-01-25,1.0,0.008175727030871549,0.008175727030871549
2022-01-26,1.0,-0.002757016878562668,-0.002757016878562668
2022-01-27,1.0,0.007763821260712289,0.007763821260712289
2022-01-28,1.0,0.017397102127314046,0.017397102127314046
2022-01-29,1.0,0.00936493083845824,0.00936493083845824
2022-01-30,1.0,-0.005783656346668664,-0.005783656346668664
2022-01-31,1.0,0.01491453610450133,0.01491453610450133
2022-02-01,1.0,0.00676006528835682,0.00676006528835682
2022-02-02,1.0,-0.046209029430310355,-0.046209029430310355
2022-02-03,1.0,0.005456046132945147,0.005456046132945147
2022-02-04,1.0,0.116978066100073,0.116978066100073
2022-02-05,1.0,-0.001438787435204647,-0.001438787435204647
2022-02-06,1.0,0.023437312952531153,0.023437312952531153
2022-02-07,1.0,0.033665872045371525,0.033665872045371525
2022-02-08,1.0,0.0063448528050995545,0.0063448528050995545
2022-02-09,1.0,0.004994545046617338,0.004994545046617338
2022-02-10,1.0,-0.01744935921313273,-0.01744935921313273
2022-02-11,1.0,-0.026561982607033352,-0.026561982607033352
2022-02-12,1.0,-0.0038546734323026133,-0.0038546734323026133
2022-02-13,1.0,-0.001111462077505676,-0.001111462077505676
2022-02-14,1.0,0.009228086961576842,0.009228086961576842
2022-02-15,1.0,0.04668769779745485,0.04668769779745485
2022-02-16,1.0,-0.013759752216496501,-0.013759752216496501
2022-02-17,1.0,-0.07788223029977337,-0.07788223029977337
2022-02-18,1.0,-0.012507647384577658,-0.012507647384577658
2022-02-19,1.0,0.0022777282826873524,0.0022777282826873524
2022-02-20,1.0,-0.04214073972532317,-0.04214073972532317
2022-02-21,1.0,-0.03528620868790788,-0.03528620868790788
2022-02-22,1.0,0.03265642371222732,0.03265642371222732
2022-02-23,1.0,-0.025843815613622922,-0.025843815613622922
2022-02-24,1.0,0.027778400368163814,0.027778400368163814
2022-02-25,1.0,0.022998939789759643,0.022998939789759643
2022-02-26,1.0,-0.002781397053842838,-0.002781397053842838
2022-02-27,1.0,-0.03568234201898368,-0.03568234201898368
2022-02-28,1.0,0.1454118392886461,0.1454118392886461
2022-03-01,1.0,0.026888524570001016,0.026888524570001016
2022-03-02,1.0,-0.009706302725009275,-0.009706302725009275
2022-03-03,1.0,-0.03351981142193561,-0.03351981142193561
2022-03-04,1.0,-0.07806935036049167,-0.07806935036049167
2022-03-05,1.0,0.00671938064683042,0.00671938064683042
2022-03-06,1.0,-0.024887994408395286,-0.024887994408395286
2022-03-07,1.0,-0.009316643885282638,-0.009316643885282638
2022-03-08,1.0,0.017740259990833174,0.017740259990833174
2022-03-09,1.0,0.08378639716414904,0.08378639716414904
2022-03-10,1.0,-0.060630954045771346,-0.060630954045771346
2022-03-11,1.0,-0.016291319622939393,-0.016291319622939393
2022-03-12,1.0,0.002810649293818468,0.002810649293818468
2022-03-13,1.0,-0.027101257933814904,-0.027101257933814904
2022-03-14,1.0,0.0480080837903738,0.0480080837903738
2022-03-15,1.0,-0.008268101563720931,-0.008268101563720931
2022-03-16,1.0,0.04588714481344902,0.04588714481344902
2022-03-17,1.0,-0.00467993171076464,-0.00467993171076464
2022-03-18,1.0,0.020750884742987363,0.020750884742987363
2022-03-19,1.0,0.009317830622209256,0.009317830622209256
2022-03-20,1.0,-0.022346848712323064,-0.022346848712323064
2022-03-21,1.0,-0.004117262624553253,-0.004117262624553253
2022-03-22,1.0,0.031180014163224357,0.031180014163224357
2022-03-23,1.0,0.012610091153007819,0.012610091153007819
2022-03-24,1.0,0.024898646221148013,0.024898646221148013
2022-03-25,1.0,0.008821397620525806,0.008821397620525806
2022-03-26,1.0,0.003429583093865096,0.003429583093865096
2022-03-27,1.0,0.052126312256127294,0.052126312256127294
2022-03-28,1.0,0.0065678873583499,0.0065678873583499
2022-03-29,1.0,0.0071661546110000085,0.0071661546110000085
2022-03-30,1.0,-0.008491735032190584,-0.008491735032190584
2022-03-31,1.0,-0.03238210822970233,-0.03238210822970233
2022-04-01,1.0,0.016315115388267687,0.016315115388267687
2022-04-02,1.0,-0.008917040798352427,-0.008917040798352427
2022-04-03,1.0,0.012745379989237415,0.012745379989237415
2022-04-04,1.0,0.003640395949819908,0.003640395949819908
2022-04-05,1.0,-0.02287907280900814,-0.02287907280900814
2022-04-06,1.0,-0.05156849392240015,-0.05156849392240015
2022-04-07,1.0,0.006876459247305178,0.006876459247305178
2022-04-08,1.0,-0.02795577079433975,-0.02795577079433975
2022-04-09,1.0,0.011693070951357853,0.011693070951357853
2022-04-10,1.0,-0.013427680050824398,-0.013427680050824398
2022-04-11,1.0,-0.06363225953812457,-0.06363225953812457
2022-04-12,1.0,0.015315083892861292,0.015315083892861292
2022-04-13,1.0,0.025906300465151855,0.025906300465151855
2022-04-14,1.0,-0.029908006531745968,-0.029908006531745968
2022-04-15,1.0,0.015473675726454417,0.015473675726454417
2022-04-16,1.0,-0.0031805042860567623,-0.0031805042860567623
2022-04-17,1.0,-0.017502542356175654,-0.017502542356175654
2022-04-18,1.0,0.027929174608607443,0.027929174608607443
2022-04-19,1.0,0.016571096753378534,0.016571096753378534
2022-04-20,1.0,-0.003093074404708074,-0.003093074404708074
2022-04-21,1.0,-0.020471984048854197,-0.020471984048854197
2022-04-22,1.0,-0.019420038833716236,-0.019420038833716236
2022-04-23,1.0,-0.0063811726165236005,-0.0063811726165236005
2022-04-24,1.0,-0.0004416040475622163,-0.0004416040475622163
2022-04-25,1.0,0.025057850055308917,0.025057850055308917
2022-04-26,1.0,-0.057858267871623625,-0.057858267871623625
2022-04-27,1.0,0.029478882606909007,0.029478882606909007
2022-04-28,1.0,0.013575224570606004,0.013575224570606004
2022-04-29,1.0,-0.02926557389929385,-0.02926557389929385
2022-04-30,1.0,-0.023179313474195662,-0.023179313474195662
2022-05-01,1.0,0.019997911964443782,0.019997911964443782
2022-05-02,1.0,0.001565786170879102,0.001565786170879102
2022-05-03,1.0,-0.020215120218891713,-0.020215120218891713
2022-05-04,1.0,0.051599856624237495,0.051599856624237495
2022-05-05,1.0,-0.07867402068901796,-0.07867402068901796
2022-05-06,1.0,-0.014606061408683924,-0.014606061408683924
2022-05-07,1.0,-0.014954355270636377,-0.014954355270636377
2022-05-08,1.0,-0.040636848764922684,-0.040636848764922684
2022-05-09,1.0,-0.11046369999353145,-0.11046369999353145
2022-05-10,1.0,0.02396125848050934,0.02396125848050934
2022-05-11,1.0,-0.06725839173272163,-0.06725839173272163
2022-05-12,1.0,0.003849706798608521,0.003849706798608521
2022-05-13,1.0,0.008102229834508146,0.008102229834508146
2022-05-14,1.0,0.027939733537411415,0.027939733537411415
2022-05-15,1.0,0.03999325713567892,0.03999325713567892
2022-05-16,1.0,-0.046069001557128786,-0.046069001557128786
2022-05-17,1.0,0.018850785235190015,0.018850785235190015
2022-05-18,1.0,-0.05605711989808215,-0.05605711989808215
2022-05-19,1.0,0.05550304428240649,0.05550304428240649
2022-05-20,1.0,-0.036734890846488066,-0.036734890846488066
2022-05-21,1.0,0.007927413013061102,0.007927413013061102
2022-05-22,1.0,0.030289794482822652,0.030289794482822652
2022-05-23,1.0,-0.04039123144227663,-0.04039123144227663
2022-05-24,1.0,0.019130468401079792,0.019130468401079792
2022-05-25,1.0,-0.003143576713387941,-0.003143576713387941
2022-05-26,1.0,-0.009983529917456657,-0.009983529917456657
2022-05-27,1.0,-0.02185551924250806,-0.02185551924250806
2022-05-28,1.0,0.006543557286537771,0.006543557286537771
2022-05-29,1.0,0.02190035821988534,0.02190035821988534
2022-05-30,1.0,0.07744470968730455,0.07744470968730455
2022-05-31,1.0,0.0020777630413166825,0.0020777630413166825
2022-06-01,1.0,-0.06269536357891181,-0.06269536357891181
2022-06-02,1.0,0.02243049790035867,0.02243049790035867
2022-06-03,1.0,-0.02504629358369581,-0.02504629358369581
2022-06-04,1.0,0.004326748833952898,0.004326748833952898
2022-06-05,1.0,0.00247203631266113,0.00247203631266113
2022-06-06,1.0,0.048952630028413324,0.048952630028413324
2022-06-07,1.0,-0.006859698773187373,-0.006859698773187373
2022-06-08,1.0,-0.03020730515832104,-0.03020730515832104
2022-06-09,1.0,-0.003387708269364409,-0.003387708269364409
2022-06-10,1.0,-0.03414563715680452,-0.03414563715680452
2022-06-11,1.0,-0.024858994495164377,-0.024858994495164377
2022-06-12,1.0,-0.056351073137826724,-0.056351073137826724
2022-06-13,1.0,-0.15974726027617203,-0.15974726027617203
2022-06-14,1.0,-0.012477914053041661,-0.012477914053041661
2022-06-15,1.0,0.01648355417709846,0.01648355417709846
2022-06-16,1.0,-0.09707194434960298,-0.09707194434960298
2022-06-17,1.0,0.004407495444594733,0.004407495444594733
2022-06-18,1.0,-0.07101780974085614,-0.07101780974085614
2022-06-19,1.0,0.0807475952890373,0.0807475952890373
2022-06-20,1.0,0.002251010260589048,0.002251010260589048
2022-06-21,1.0,0.0053914098304885805,0.0053914098304885805
2022-06-22,1.0,-0.034937106663198714,-0.034937106663198714
2022-06-23,1.0,0.05497803800296652,0.05497803800296652
2022-06-24,1.0,0.006913598955313738,0.006913598955313738
2022-06-25,1.0,0.012748964915301864,0.012748964915301864
2022-06-26,1.0,-0.02209261947079333,-0.02209261947079333
2022-06-27,1.0,-0.013877981325425726,-0.013877981325425726
2022-06-28,1.0,-0.02193553187871977,-0.02193553187871977
2022-06-29,1.0,-0.008708372798288844,-0.008708372798288844
2022-06-30,1.0,-0.01588223750298734,-0.01588223750298734
2022-07-01,1.0,-0.02604834458398897,-0.02604834458398897
2022-07-02,1.0,-0.0014069651515379311,-0.0014069651515379311
2022-07-03,1.0,0.002848954556089245,0.002848954556089245
2022-07-04,1.0,0.04841073013105235,0.04841073013105235
2022-07-05,1.0,-0.0020338071321012174,-0.0020338071321012174
2022-07-06,1.0,0.017737930428710857,0.017737930428710857
2022-07-07,1.0,0.053013857820514154,0.053013857820514154
2022-07-08,1.0,0.004322538045727464,0.004322538045727464
2022-07-09,1.0,-0.006392223420980114,-0.006392223420980114
2022-07-10,1.0,-0.03388990349346599,-0.03388990349346599
2022-07-11,1.0,-0.04265931997884009,-0.04265931997884009
2022-07-12,1.0,-0.03237979740682695,-0.03237979740682695
2022-07-13,1.0,0.04596171114078618,0.04596171114078618
2022-07-14,1.0,0.017704551212910147,0.017704551212910147
2022-07-15,1.0,0.012951348577769028,0.012951348577769028
2022-07-16,1.0,0.01698899533192111,0.01698899533192111
2022-07-17,1.0,-0.01939436147960416,-0.01939436147960416
2022-07-18,1.0,0.08211740099467768,0.08211740099467768
2022-07-19,1.0,0.0401919693193753,0.0401919693193753
2022-07-20,1.0,-0.006742410894342465,-0.006742410894342465
2022-07-21,1.0,-0.0028884421706671937,-0.0028884421706671937
2022-07-22,1.0,-0.01941107679491816,-0.01941107679491816
2022-07-23,1.0,-0.010983941711781742,-0.010983941711781742
2022-07-24,1.0,0.006395837363315726,0.006395837363315726
2022-07-25,1.0,-0.05517510011323534,-0.05517510011323534
2022-07-26,1.0,-0.005708686992848544,-0.005708686992848544
2022-07-27,1.0,0.0796052030234431,0.0796052030234431
2022-07-28,1.0,0.0398306162434614,0.0398306162434614
2022-07-29,1.0,-0.0016462880701044735,-0.0016462880701044735
2022-07-30,1.0,-0.006235163651508224,-0.006235163651508224
2022-07-31,1.0,-0.013497960448739299,-0.013497960448739299
2022-08-01,1.0,-0.0009725914343493569,-0.0009725914343493569
2022-08-02,1.0,-0.014415336683737068,-0.014415336683737068
2022-08-03,1.0,-0.0057275961266136655,-0.0057275961266136655
2022-08-04,1.0,-0.009434736504108754,-0.009434736504108754
2022-08-05,1.0,0.029091011085651708,0.029091011085651708
2022-08-06,1.0,-0.014085221654344782,-0.014085221654344782
2022-08-07,1.0,0.009346662498644243,0.009346662498644243
2022-08-08,1.0,0.02733856978257987,0.02733856978257987
2022-08-09,1.0,-0.02709709734425869,-0.02709709734425869
2022-08-10,1.0,0.033815983988709775,0.033815983988709775
2022-08-11,1.0,0.00041284726535173455,0.00041284726535173455
2022-08-12,1.0,0.018586602023192844,0.018586602023192844
2022-08-13,1.0,0.0008708010561344626,0.0008708010561344626
2022-08-14,1.0,-0.004288162539464846,-0.004288162539464846
2022-08-15,1.0,-0.007498615226969818,-0.007498615226969818
2022-08-16,1.0,-0.010510085263709001,-0.010510085263709001
2022-08-17,1.0,-0.02291530796119967,-0.02291530796119967
2022-08-18,1.0,-0.005281958173694035,-0.005281958173694035
2022-08-19,1.0,-0.10059931398792521,-0.10059931398792521
2022-08-20,1.0,0.013819043648011897,0.013819043648011897
2022-08-21,1.0,0.01738918520335342,0.01738918520335342
2022-08-22,1.0,-0.006279006699941081,-0.006279006699941081
2022-08-23,1.0,0.006036741981122917,0.006036741981122917
2022-08-24,1.0,-0.006181150878381003,-0.006181150878381003
2022-08-25,1.0,0.009623023027591993,0.009623023027591993
2022-08-26,1.0,-0.06207539958496022,-0.06207539958496022
2022-08-27,1.0,-0.010773990107132536,-0.010773990107132536
2022-08-28,1.0,-0.021201944769558057,-0.021201944769558057
2022-08-29,1.0,0.03472427641744291,0.03472427641744291
2022-08-30,1.0,-0.024691382971281484,-0.024691382971281484
2022-08-31,1.0,0.012777568511970205,0.012777568511970205
2022-09-01,1.0,0.0038592451457939436,0.0038592451457939436
2022-09-02,1.0,-0.007818752974256604,-0.007818752974256604
2022-09-03,1.0,-0.006894600364241943,-0.006894600364241943
2022-09-04,1.0,0.007796708085036963,0.007796708085036963
2022-09-05,1.0,-0.008722884940063236,-0.008722884940063236
2022-09-06,1.0,-0.04919669232863699,-0.04919669232863699
2022-09-07,1.0,0.024029314602578067,0.024029314602578067
2022-09-08,1.0,0.0020481649337233954,0.0020481649337233954
2022-09-09,1.0,0.10612188190716765,0.10612188190716765
2022-09-10,1.0,0.014002365912589188,0.014002365912589188
2022-09-11,1.0,0.004092001431295067,0.004092001431295067
2022-09-12,1.0,0.027616624254801714,0.027616624254801714
2022-09-13,1.0,-0.09270006906083372,-0.09270006906083372
2022-09-14,1.0,-0.0027402074343571003,-0.0027402074343571003
2022-09-15,1.0,-0.026672422800232853,-0.026672422800232853
2022-09-16,1.0,0.003622774615297697,0.003622774615297697
2022-09-17,1.0,0.017953757980268437,0.017953757980268437
2022-09-18,1.0,-0.035179114785287124,-0.035179114785287124
2022-09-19,1.0,0.006417415961943007,0.006417415961943007
2022-09-20,1.0,-0.033428956945789956,-0.033428956945789956
2022-09-21,1.0,-0.018177571658806957,-0.018177571658806957
2022-09-22,1.0,0.04669928789927913,0.04669928789927913
2022-09-23,1.0,-0.005970680514919002,-0.005970680514919002
2022-09-24,1.0,-0.01868762076318642,-0.01868762076318642
2022-09-25,1.0,-0.007124358610731463,-0.007124358610731463
2022-09-26,1.0,0.022368473265013344,0.022368473265013344
2022-09-27,1.0,-0.005832956039052206,-0.005832956039052206
2022-09-28,1.0,0.016544467837213528,0.016544467837213528
2022-09-29,1.0,0.007532412719634118,0.007532412719634118
2022-09-30,1.0,-0.0072171538473359,-0.0072171538473359
2022-10-01,1.0,-0.0061596674907298254,-0.0061596674907298254
2022-10-02,1.0,-0.013876706359042923,-0.013876706359042923
2022-10-03,1.0,0.030427924155919772,0.030427924155919772
2022-10-04,1.0,0.036347275524413414,0.036347275524413414
2022-10-05,1.0,-0.008660486125090072,-0.008660486125090072
2022-10-06,1.0,-0.01018185214187517,-0.01018185214187517
2022-10-07,1.0,-0.02047530303595302,-0.02047530303595302
2022-10-08,1.0,-0.006665076603316944,-0.006665076603316944
2022-10-09,1.0,0.0015377290838616275,0.0015377290838616275
2022-10-10,1.0,-0.01568110303046133,-0.01568110303046133
2022-10-11,1.0,-0.00470529894576166,-0.00470529894576166
2022-10-12,1.0,0.005565325579645286,0.005565325579645286
2022-10-13,1.0,0.011768739552548313,0.011768739552548313
2022-10-14,1.0,-0.010176392755898878,-0.010176392755898878
2022-10-15,1.0,-0.0061515479500473536,-0.0061515479500473536
2022-10-16,1.0,0.010513049302600663,0.010513049302600663
2022-10-17,1.0,0.014670058500208416,0.014670058500208416
2022-10-18,1.0,-0.011065647631146036,-0.011065647631146036
2022-10-19,1.0,-0.010079479991405349,-0.010079479991405349
2022-10-20,1.0,-0.004482602172654282,-0.004482602172654282
2022-10-21,1.0,0.006231244583192241,0.006231244583192241
2022-10-22,1.0,0.0018631248583989013,0.0018631248583989013
2022-10-23,1.0,0.018680488353712166,0.018680488353712166
2022-10-24,1.0,-0.011316781236911488,-0.011316781236911488
2022-10-25,1.0,0.03878330120960949,0.03878330120960949
2022-10-26,1.0,0.03356831063305088,0.03356831063305088
2022-10-27,1.0,-0.0233314959115013,-0.0233314959115013
2022-10-28,1.0,0.015257721000682789,0.015257721000682789
2022-10-29,1.0,0.01083375534148523,0.01083375534148523
2022-10-30,1.0,-0.008784170461560437,-0.008784170461560437
2022-10-31,1.0,-0.006776156462742766,-0.006776156462742766
2022-11-01,1.0,-0.0005123007449325812,-0.0005123007449325812
2022-11-02,1.0,-0.015902620594443806,-0.015902620594443806
2022-11-03,1.0,0.0025042468919260763,0.0025042468919260763
2022-11-04,1.0,0.0463751969796804,0.0463751969796804
2022-11-05,1.0,0.006405611254872046,0.006405611254872046
2022-11-06,1.0,-0.01673684363155281,-0.01673684363155281
2022-11-07,1.0,-0.015466997985227438,-0.015466997985227438
2022-11-08,1.0,-0.10006131594948431,-0.10006131594948431
2022-11-09,1.0,-0.14349022466876316,-0.14349022466876316
2022-11-10,1.0,0.10742489862358795,0.10742489862358795
2022-11-11,1.0,-0.03141443647663533,-0.03141443647663533
2022-11-12,1.0,-0.013802006476365758,-0.013802006476365758
2022-11-13,1.0,-0.026538209918333333,-0.026538209918333333
2022-11-14,1.0,0.016194463988263186,0.016194463988263186
2022-11-15,1.0,0.016031463998783302,0.016031463998783302
2022-11-16,1.0,-0.0127437818409466,-0.0127437818409466
2022-11-17,1.0,0.0010845070736082985,0.0010845070736082985
2022-11-18,1.0,0.0006148167681003791,0.0006148167681003791
2022-11-19,1.0,0.0008246325823211276,0.0008246325823211276
2022-11-20,1.0,-0.025115259939095247,-0.025115259939095247
2022-11-21,1.0,-0.030969374751391165,-0.030969374751391165
2022-11-22,1.0,0.025494274188105903,0.025494274188105903
2022-11-23,1.0,0.02600021570334854,0.02600021570334854
2022-11-24,1.0,-0.0003757930043709612,-0.0003757930043709612
2022-11-25,1.0,-0.004975953615638518,-0.004975953615638518
2022-11-26,1.0,-0.0034839061881034583,-0.0034839061881034583
2022-11-27,1.0,-0.0011937537130568554,-0.0011937537130568554
2022-11-28,1.0,-0.013822428939733733,-0.013822428939733733
2022-11-29,1.0,0.014038085481754337,0.014038085481754337
2022-11-30,1.0,0.044000289316970864,0.044000289316970864
2022-12-01,1.0,-0.011732697360023692,-0.011732697360023692
2022-12-02,1.0,0.007162515027905547,0.007162515027905547
2022-12-03,1.0,-0.010558102652595158,-0.010558102652595158
2022-12-04,1.0,0.013144481522908036,0.013144481522908036
2022-12-05,1.0,-0.00908673304822849,-0.00908673304822849
2022-12-06,1.0,0.006755753090715411,0.006755753090715411
2022-12-07,1.0,-0.01412428087141393,-0.01412428087141393
2022-12-08,1.0,0.022871839541696026,0.022871839541696026
2022-12-09,1.0,-0.005821360340788395,-0.005821360340788395
2022-12-10,1.0,-0.00025843080632004245,-0.00025843080632004245
2022-12-11,1.0,-0.0014321702613265819,-0.0014321702613265819
2022-12-12,1.0,0.005977723618808328,0.005977723618808328
2022-12-13,1.0,0.033410801008343594,0.033410801008343594
2022-12-14,1.0,0.0019307922256450727,0.0019307922256450727
2022-12-15,1.0,-0.02530276169357326,-0.02530276169357326
2022-12-16,1.0,-0.04131220425223303,-0.04131220425223303
2022-12-17,1.0,0.008866650272798315,0.008866650272798315
2022-12-18,1.0,-0.0022098857704312413,-0.0022098857704312413
2022-12-19,1.0,-0.01899375344110854,-0.01899375344110854
2022-12-20,1.0,0.028384068842582266,0.028384068842582266
2022-12-21,1.0,-0.005250676176186131,-0.005250676176186131
2022-12-22,1.0,0.0007615052090579333,0.0007615052090579333
2022-12-23,1.0,-0.001983838015767403,-0.001983838015767403
2022-12-24,1.0,0.003024520816182319,0.003024520816182319
2022-12-25,1.0,-0.000342451024228807,-0.000342451024228807
2022-12-26,1.0,0.004620497716771643,0.004620497716771643
2022-12-27,1.0,-0.011975957353969946,-0.011975957353969946
2022-12-28,1.0,-0.009846255365429935,-0.009846255365429935
2022-12-29,1.0,0.0054232979508825885,0.0054232979508825885
2022-12-30,1.0,-0.002388838052975517,-0.002388838052975517
2022-12-31,1.0,-0.0033181483870876605,-0.0033181483870876605
2023-01-01,1.0,0.0046885633896178724,0.0046885633896178724
2023-01-02,1.0,0.0038129515588565255,0.0038129515588565255
2023-01-03,1.0,-0.000516121662866742,-0.000516121662866742
2023-01-04,1.0,0.010994150293785143,0.010994150293785143
2023-01-05,1.0,-0.0015715814888571655,-0.0015715814888571655
2023-01-06,1.0,0.006844106816741524,0.006844106816741524
2023-01-07,1.0,0.00018342264818071996,0.00018342264818071996
2023-01-08,1.0,0.008025112314249405,0.008025112314249405
2023-01-09,1.0,0.006167530562816603,0.006167530562816603
2023-01-10,1.0,0.014522576515372032,0.014522576515372032
2023-01-11,1.0,0.02800615102017323,0.02800615102017323
2023-01-12,1.0,0.052115795988246116,0.052115795988246116
2023-01-13,1.0,0.05511441660269112,0.05511441660269112
2023-01-14,1.0,0.05357847423830919,0.05357847423830919
2023-01-15,1.0,-0.004552757413617381,-0.004552757413617381
2023-01-16,1.0,0.013832516023570829,0.013832516023570829
2023-01-17,1.0,-0.00038325091993141047,-0.00038325091993141047
2023-01-18,1.0,-0.022339524368838015,-0.022339524368838015
2023-01-19,1.0,0.019238045679950355,0.019238045679950355
2023-01-20,1.0,0.07539125404137925,0.07539125404137925
2023-01-21,1.0,0.004457126566322689,0.004457126566322689
2023-01-22,1.0,-0.002511630794474806,-0.002511630794474806
2023-01-23,1.0,0.009419529327844067,0.009419529327844067
2023-01-24,1.0,-0.012991945703908492,-0.012991945703908492
2023-01-25,1.0,0.021266153759075257,0.021266153759075257
2023-01-26,1.0,-0.003680359408276712,-0.003680359408276712
2023-01-27,1.0,0.0019950339114214177,0.0019950339114214177
2023-01-28,1.0,-0.0020641809553220147,-0.0020641809553220147
2023-01-29,1.0,0.03228143207915801,0.03228143207915801
2023-01-30,1.0,-0.03930367092328346,-0.03930367092328346
2023-01-31,1.0,0.013097316769725253,0.013097316769725253
2023-02-01,1.0,0.025259482888651652,0.025259482888651652
2023-02-02,1.0,-0.01061797692681965,-0.01061797692681965
2023-02-03,1.0,-0.0009606745041729203,-0.0009606745041729203
2023-02-04,1.0,-0.005009723012217249,-0.005009723012217249
2023-02-05,1.0,-0.01612309690031044,-0.01612309690031044
2023-02-06,1.0,-0.008518883333286542,-0.008518883333286542
2023-02-07,1.0,0.022151986720186922,0.022151986720186922
2023-02-08,1.0,-0.013965290320121615,-0.013965290320121615
2023-02-09,1.0,-0.04883996317743455,-0.04883996317743455
2023-02-10,1.0,-0.007693073387383564,-0.007693073387383564
2023-02-11,1.0,0.010146854341645195,0.010146854341645195
2023-02-12,1.0,-0.003779998514005456,-0.003779998514005456
2023-02-13,1.0,0.0009132665684197239,0.0009132665684197239
2023-02-14,1.0,0.018924303145655852,0.018924303145655852
2023-02-15,1.0,0.09392266116037784,0.09392266116037784
2023-02-16,1.0,-0.028154173176657027,-0.028154173176657027
2023-02-17,1.0,0.03988096453648349,0.03988096453648349
2023-02-18,1.0,0.0030805588480080637,0.0030805588480080637
2023-02-19,1.0,-0.012728023845912761,-0.012728023845912761
2023-02-20,1.0,0.020614650916729094,0.020614650916729094
2023-02-21,1.0,-0.01581991113645098,-0.01581991113645098
2023-02-22,1.0,-0.01012875204423358,-0.01012875204423358
2023-02-23,1.0,-0.00997780485063493,-0.00997780485063493
2023-02-24,1.0,-0.03129201289670536,-0.03129201289670536
2023-02-25,1.0,-0.0009807668166905703,-0.0009807668166905703
2023-02-26,1.0,0.016648614774302573,0.016648614774302573
2023-02-27,1.0,-0.0016273269569350157,-0.0016273269569350157
2023-02-28,1.0,-0.01596393470118429,-0.01596393470118429
2023-03-01,1.0,0.02156606219747892,0.02156606219747892
2023-03-02,1.0,-0.007235050302163204,-0.007235050302163204
2023-03-03,1.0,-0.047402129167592566,-0.047402129167592566
2023-03-04,1.0,-0.0004172164631153219,-0.0004172164631153219
2023-03-05,1.0,0.0036756935285233716,0.0036756935285233716
2023-03-06,1.0,-0.00025655126328649747,-0.00025655126328649747
2023-03-07,1.0,-0.00936203961743065,-0.00936203961743065
2023-03-08,1.0,-0.022578517406286358,-0.022578517406286358
2023-03-09,1.0,-0.06239311158608585,-0.06239311158608585
2023-03-10,1.0,-0.008632183779056501,-0.008632183779056501
2023-03-11,1.0,0.022051846825845045,0.022051846825845045
2023-03-12,1.0,0.07422977009964415,0.07422977009964415
2023-03-13,1.0,0.09175187888693825,0.09175187888693825
2023-03-14,1.0,0.022669294883089997,0.022669294883089997
2023-03-15,1.0,-0.014956444322371198,-0.014956444322371198
2023-03-16,1.0,0.027766213062754286,0.027766213062754286
2023-03-17,1.0,0.0946457745317153,0.0946457745317153
2023-03-18,1.0,-0.01670259464889101,-0.01670259464889101
2023-03-19,1.0,0.039783493752593824,0.039783493752593824
2023-03-20,1.0,-0.00968089417783835,-0.00968089417783835
2023-03-21,1.0,0.014714466837708162,0.014714466837708162
2023-03-22,1.0,-0.030820008681536337,-0.030820008681536337
2023-03-23,1.0,0.03759177902540278,0.03759177902540278
2023-03-24,1.0,-0.02967065403073854,-0.02967065403073854
2023-03-25,1.0,5.17171735541222e-05,5.17171735541222e-05
2023-03-26,1.0,0.018171608313816145,0.018171608313816145
2023-03-27,1.0,-0.03052194511765327,-0.03052194511765327
2023-03-28,1.0,0.004725228944394866,0.004725228944394866
2023-03-29,1.0,0.0396180637553154,0.0396180637553154
2023-03-30,1.0,-0.0111074503792854,-0.0111074503792854
2023-03-31,1.0,0.015871042968584437,0.015871042968584437
